{
    "_vcs_DPI_package": [
        "_vcs_DPI_package",
        "uM9F1",
        "module",
        1
    ],
    "vcs_paramclassrepository": [
        "vcs_paramclassrepository",
        "hEeZs",
        "module",
        2
    ],
    "_vcs_unit__3996809064": [
        "_vcs_unit__3996809064",
        "NCzrI",
        "module",
        3
    ],
    "std": [
        "std",
        "reYIK",
        "module",
        4
    ],
    "uvm_pkg": [
        "uvm_pkg",
        "zr7M1",
        "module",
        5
    ],
    "param_pkg": [
        "param_pkg",
        "yYatb",
        "module",
        6
    ],
    "clip_filter_if": [
        "clip_filter_if",
        "ZiJzb",
        "module",
        7
    ],
    "my_testbench_pkg": [
        "my_testbench_pkg",
        "au1Ac",
        "module",
        8
    ],
    "top": [
        "top",
        "Emx8S",
        "module",
        9
    ],
    "...MASTER...": [
        "SIM",
        "amcQw",
        "module",
        10
    ]
}